{
    "57527": "1",
    "57345": "2",
    "57346": "3",
    "57347": "4",
    "57348": "5",
    "57349": "6",
    "57350": "7",
    "57351": "8",
    "57352": "9",
    "57353": "10",
    "57354": "11",
    "57355": "12",
    "57356": "13",
    "57357": "14",
    "57358": "15",
    "57359": "16",
    "57360": "17",
    "57361": "18",
    "57362": "19",
    "57363": "20",
    "57364": "21",
    "57365": "22",
    "57366": "23",
    "57367": "24",
    "57368": "25",
    "57369": "26",
    "57370": "27",
    "57371": "28",
    "57372": "29",
    "57373": "30",
    "57374": "31",
    "57375": "32",
    "57376": "33",
    "57377": "34",
    "57378": "35",
    "57379": "36",
    "57380": "37",
    "57381": "38",
    "57382": "39",
    "57383": "40",
    "57384": "41",
    "57385": "42",
    "57386": "43",
    "57387": "44",
    "57388": "45",
    "57389": "46",
    "57390": "47",
    "57391": "48",
    "57392": "49",
    "57393": "50",
    "57394": "51",
    "57395": "52",
    "57396": "53",
    "57397": "54",
    "57398": "55",
    "57399": "56",
    "57400": "57",
    "57401": "58",
    "57402": "59",
    "57403": "60",
    "57404": "61",
    "57405": "62",
    "57406": "63",
    "57407": "64",
    "57408": "65",
    "57409": "66",
    "57410": "67",
    "57411": "68",
    "57412": "69",
    "57413": "70",
    "57414": "71",
    "57415": "72",
    "57416": "73",
    "57417": "74",
    "57418": "75",
    "57419": "76",
    "57420": "77",
    "57421": "78",
    "57422": "79",
    "57423": "80",
    "57424": "81",
    "57425": "82",
    "57426": "83",
    "57427": "84",
    "57428": "85",
    "57429": "86",
    "57430": "87",
    "57431": "88",
    "57432": "89",
    "57433": "90",
    "57434": "91",
    "57435": "92",
    "57436": "93",
    "57437": "94",
    "57438": "95",
    "57439": "96",
    "57440": "97",
    "57441": "98",
    "57442": "99",
    "57443": "100",
    "57444": "101",
    "57445": "102",
    "57446": "103",
    "57447": "104",
    "57448": "105",
    "57449": "106",
    "57450": "107",
    "57451": "108",
    "57452": "109",
    "57453": "110",
    "57454": "111",
    "57455": "112",
    "57456": "113",
    "57457": "114",
    "57458": "115",
    "57459": "116",
    "57460": "117",
    "57461": "118",
    "57463": "119",
    "57464": "120",
    "57465": "121",
    "57466": "123",
    "57467": "124",
    "57468": "125",
    "57528": "arrow-down",
    "57529": "arrow-up",
    "57642": "arrow-left",
    "57643": "arrow-right",
    "57530": "star-empty",
    "57531": "star-filled",
    "57532": "check",
    "57533": "search",
    "57534": "wallet",
    "57535": "tournament",
    "57536": "sack",
    "57537": "bonus",
    "57538": "lock",
    "57539": "lock-off",
    "57540": "limit-top",
    "57541": "limit-bottom",
    "57542": "balance",
    "57543": "balance-negative",
    "57544": "copy",
    "57545": "dir-right",
    "57546": "dir-top",
    "57547": "logout",
    "57548": "cashier",
    "57549": "history",
    "57550": "offers",
    "57551": "settings",
    "57552": "documents",
    "57553": "key",
    "57554": "upload",
    "57555": "calendar-empty",
    "57556": "support",
    "57557": "promotions",
    "57558": "home",
    "57559": "sports",
    "57560": "live",
    "57561": "bet-checker",
    "57562": "live-score",
    "57563": "statistics",
    "57564": "results",
    "57565": "casino",
    "57566": "live-casino",
    "57567": "rocketon",
    "57568": "keno-express",
    "57569": "keno",
    "57570": "hilo",
    "57571": "sicBo",
    "57572": "blackJack",
    "57573": "crash",
    "57574": "penalty",
    "57575": "belote",
    "57576": "backgammon",
    "57577": "domino",
    "57578": "toto21",
    "57579": "baron",
    "57580": "rock-paper-scissors",
    "57581": "tv-games",
    "57582": "goal",
    "57583": "poker",
    "57584": "virtual-sport",
    "57585": "issue",
    "57586": "info",
    "57587": "calendar",
    "57588": "star-empty-modern",
    "57589": "star-filled-modern",
    "57590": "statistics-modern",
    "57591": "light-bulb",
    "57592": "live-stream",
    "57593": "bet-history",
    "57594": "print",
    "57595": "boredraw",
    "57596": "cash-show",
    "57597": "cash-out",
    "57598": "plus",
    "57599": "minus",
    "57600": "checked",
    "57601": "bowl_modern",
    "57602": "filter_modern",
    "57603": "dots",
    "57604": "ask_davo",
    "57605": "wallet_modern",
    "57606": "bonus_modern",
    "57607": "repeat_bet",
    "57608": "check_redact",
    "57609": "share",
    "57610": "copy",
    "57611": "calculator",
    "57612": "burger",
    "57613": "grid",
    "57614": "group_stage",
    "57615": "standings",
    "57616": "statistics",
    "57617": "lucky_wheel",
    "57618": "bet_race",
    "57619": "bet_history",
    "57620": "results",
    "57621": "calendar_modern",
    "57622": "calendar_modern_2",
    "57627": "top_picks",
    "57628": "cash__out",
    "57629": "modern_info",
    "57630": "modern_checked",
    "57631": "modern_unchecked",
    "57632": "circle_close",
    "57633": "close",
    "57634": "smart_pick",
    "57626": "super",
    "57635": "live",
    "57636": "upcoming",
    "57625": "user",
    "57638": "cashout_lt",
    "57637": "live_center",
    "57644": "colapse",
    "57645": "top_picks_wc",
    "57647": "ai",
    "57646": "top_matches",
    "57658": "sport",
    "57659": "star",
    "57660": "star_filled",
    "57661": "check",
    "57662": "search",
    "57663": "cup",
    "57664": "bonus",
    "57665": "lock",
    "57666": "upload",
    "57667": "copy",
    "57668": "arrow_right",
    "57669": "arrow_down",
    "57670": "log_out",
    "57671": "bill",
    "57672": "download",
    "57673": "pie",
    "57674": "issue",
    "57675": "info",
    "57676": "light_bulb",
    "57677": "transfer",
    "57678": "settings",
    "57679": "document",
    "57680": "key",
    "57681": "date_picker",
    "57682": "chat",
    "57683": "regulations",
    "57684": "home",
    "57686": "live",
    "57687": "bet_search",
    "57688": "stats",
    "57689": "burger",
    "57690": "card_view",
    "57691": "list_view",
    "57692": "standings",
    "57693": "tv",
    "57696": "plus_circular",
    "57697": "calculator",
    "57698": "lucky_wheel",
    "57699": "cash_out",
    "57700": "checkbox_circular_checked",
    "57701": "checkbox_circular",
    "57656": "angle_top",
    "57657": "angle_bottom",
    "57702": "angle_left",
    "57703": "angle_right",
    "57704": "angles_bottom",
    "57705": "worlds_cup",
    "57706": "top_matches",
    "57707": "ai_widget",
    "57708": "filter",
    "57709": "more_vertical",
    "57710": "auto_bet",
    "57711": "repeat_bet",
    "57712": "edit",
    "57713": "close_circular",
    "57714": "close",
    "57715": "smart_pick",
    "57716": "play_circular",
    "57717": "upcoming",
    "57718": "live_info",
    "57719": "checkbox_square_checked",
    "57720": "checkbox_square",
    "57721": "globe",
    "57722": "bet_race",
    "57723": "bet_history",
    "57724": "score_board",
    "57725": "profile",
    "57650": "offer-x2",
    "57651": "badge-x2",
    "57652": "badge-00",
    "57726": "col_1",
    "57727": "case",
    "57728": "betslip",
    "57729": "uncheck_all",
    "57730": "check_all",
    "57731": "remove_all",
    "57732": "backspace",
    "57733": "link",
    "57734": "reload",
    "57735": "save",
    "57736": "remove_bet",
    "57737": "fb",
    "57738": "odno",
    "57739": "vk",
    "57740": "eye",
    "57741": "eye_hide",
    "57742": "double-arrow",
    "57743": "pin",
    "57744": "unpin",
    "57745": "hourglass",
    "57746": "market_swap",
    "57747": "offer_goals_ahead",
    "57748": "offer_default",
    "57749": "odd_enhanced",
    "57750": "margin_null",
    "57751": "bet__builder",
    "57752": "cash__out_v2",
    "57753": "double__dooble",
    "57754": "edit__bet",
    "57755": "my__bets",
    "57756": "24_autobets",
    "57757": "24_bets",
    "57758": "24_calendar",
    "57759": "24_checkbox",
    "57760": "24_copy",
    "57761": "24_delete",
    "57762": "24_download",
    "57763": "24_info",
    "57764": "24_lineups",
    "57765": "24_link",
    "57766": "24_megabets",
    "57767": "24_print",
    "57768": "24_profile",
    "57769": "24_radio_checked",
    "57770": "24_share",
    "57771": "24_statistics",
    "57772": "24_toto_expert",
    "57773": "24_tournament",
    "57774": "24_warning_triangle",
    "57775": "dock",
    "57776": "un_dock",
    "57777": "bet_generator",
    "57778": "ai_chip",
    "57779": "ai_circular",
    "57780": "ai_star",
    "57781": "autobets",
    "57782": "bet_builder_circle",
    "57783": "bet_builder_letter",
    "57784": "bets",
    "57785": "bore_draw",
    "57786": "h2h_circle",
    "57787": "lock_stylish",
    "57788": "megabets",
    "57789": "my_winnings_crown",
    "57790": "settings_stylish",
    "57791": "single_boost",
    "57792": "auto_bet",
    "57793": "bet_builder_negative",
    "57794": "copy_link",
    "57795": "single_boost_negative",
    "57796": "circle_bicolor_back",
    "57797": "enhanced_odd",
    "57798": "enhanced_odd_clipped",
    "57799": "margin_0",
    "57800": "margin_0_clipped",
    "57801": "contract_arrows",
    "57802": "expand_arrows",
    "57803": "flame_simple",
    "57804": "super_promo_fill",
    "57805": "super_promo_out",
    "57806": "bet__builder_circle",
    "57807": "mag_glass_25",
    "57808": "strem_25",
    "57809": "bin_v2",
    "57810": "calc_outline",
    "57811": "settings_outline",
    "57812": "apps",
    "57813": "bonus_stylish",
    "57814": "issue_italic",
    "57815": "parlay_boost",
    "57816": "betslip_empty_100",
    "57817": "betslip_empty_400",
    "57818": "diamond_100",
    "57819": "diamond_400",
    "57820": "enhanced_odd_triple_100",
    "57821": "enhanced_odd_triple_400",
    "57822": "goals_ahead_100",
    "57823": "goals_ahead_400",
    "57824": "info_100",
    "57825": "info_400",
    "57826": "parlay_boost_100",
    "57827": "parlay_boost_400",
    "57828": "chat_outline",
    "57829": "medal_fill",
    "57830": "offer_fill",
    "57831": "x12_fill",
    "57832": "house_rounded_filled",
    "57833": "last_min_bets_fill",
    "57834": "live_play_indicator",
    "57835": "share_arrow_up",
    "57836": "share_arrow_up_square",
    "57837": "super_tip_round_fill",
    "57838": "top_winning_fill",
    "57839": "top_winning_stroke"
}